<?xml version="1.0" encoding="UTF-8"?>
<!DOCTYPE mapper PUBLIC "-//mybatis.org//DTD Mapper 3.0//EN" "http://mybatis.org/dtd/mybatis-3-mapper.dtd">
<mapper namespace="com.yintech.cloud.mapper.EmployeeMapper">
  <resultMap id="BaseResultMap" type="com.yintech.cloud.entity.Employee">
    <!--
      WARNING - @mbg.generated
    -->
    <id column="id" jdbcType="INTEGER" property="id" />
    <result column="user_name" jdbcType="VARCHAR" property="userName" />
    <result column="work_code" jdbcType="VARCHAR" property="workCode" />
    <result column="phone" jdbcType="VARCHAR" property="phone" />
    <result column="create_time" jdbcType="TIMESTAMP" property="createTime" />
    <result column="update_time" jdbcType="TIMESTAMP" property="updateTime" />
  </resultMap>

  <insert id="insertBatch">
    INSERT INTO `t_employee`(`user_name`,`work_code`,`phone`) values
    <foreach collection="list" item="item" separator=",">
      (#{item.userName},#{item.workCode},#{item.phone})
    </foreach>
  </insert>
</mapper>