<?xml version="1.0" encoding="UTF-8"?>
<!DOCTYPE generatorConfiguration
        PUBLIC "-//mybatis.org//DTD MyBatis Generator Configuration 1.0-SNAPSHOT//EN"
        "http://mybatis.org/dtd/mybatis-generator-config_1_0.dtd">

<generatorConfiguration>
    <properties resource="generator/config.properties"/>

    <context id="Mysql" targetRuntime="MyBatis3Simple" defaultModelType="flat">
        <property name="beginningDelimiter" value="`"/>
        <property name="endingDelimiter" value="`"/>
        <plugin type="${mapper.plugin}">
            <property name="mappers" value="${mapper.Mapper}"/>
<!--            区分大消息-->
            <property name="caseSensitive" value="true"/>
        </plugin>
        <plugin type="org.mybatis.generator.plugins.SerializablePlugin"/>
        <commentGenerator>
            <!--<property name="suppressDate" value="true"/>-->
            <!--<property name="suppressAllComments" value="true"/>-->
            <!--生成的注释包含时间戳-->
            <property name="javaFileEncoding" value="UTF-8" />
        </commentGenerator>


        <jdbcConnection driverClass="${jdbc.driverClass}"
                        connectionURL="${jdbc.url}"
                        userId="${jdbc.user}"
                        password="${jdbc.password}">
        </jdbcConnection>

        <!-- java8 时间配置-->
        <javaTypeResolver>
            <property name="forceBigDecimals" value="true"/>
            <property name="useJSR310Types" value="true"/>
        </javaTypeResolver>

        <javaModelGenerator targetPackage="${targetModelPackage}" targetProject="${targetJavaProject}"/>

        <sqlMapGenerator targetPackage="${targetXMLPackage}" targetProject="${targetResourcesProject}"/>

        <javaClientGenerator targetPackage="${targetMapperPackage}" targetProject="${targetJavaProject}"
                             type="XMLMAPPER"/>


        <!-- 代码保留 不用修改 如果有新增直接在下面增加 增加完之后 注释掉-->
         <table tableName="frame_work" domainObjectName="FrameWork">
            <property name="useActualColumnNames" value="false" />
            <generatedKey column="id" sqlStatement="Mysql" identity="true"/>
        </table>
    </context>
</generatorConfiguration>